Accuracy,Precision,Recall
,,
0.994201591,0.596657382,0.579751332
,,
0.980478691,0.589174705,0.529307282
,,
0.999613439,0.59978996,0.599962229
,,
0.999677866,0.599811321,0.6
,,
0.999581226,0.599779281,0.599943343
,,
0.999613439,0.599789942,0.599962225
,,
0.999645653,0.499827044,0.499901322
,,
0.999677866,0.499842752,0.5
,,
0.99971007,0.599830157,0.6
,,
0.999677856,0.599811321,0.599881587
,,
0.99718777,0.578431386,0.570870932
