Accuracy,Precision,Recall
0.999903359855684,0.7777564524059166,0.7999622285174693
0.9998389330928068,0.7777351315812855,0.7999244570349386
0.999903359855684,0.7599893367455748,0.7999811142587346
0.9999355732371227,0.76,0.8
0.9999355732371227,0.76,0.8
0.9999677866185613,0.78,0.8
0.9999355732371227,0.648132410030427,0.6666666666666666
0.9999355732371227,0.648132410030427,0.6666666666666666
0.999967785580826,0.7777777777777778,0.8
0.999967785580826,0.7777777777777778,0.8
