Accuracy,Precision,Recall
,,
0.974519765,0.974528568,0.974259081
,,
0.972535323,0.972241925,0.972601853
,,
0.971662169,0.971446064,0.9716196
,,
0.971977455,0.97198378,0.971693929
,,
0.972294991,0.972314193,0.97200196
,,
0.970469159,0.970217562,0.970459666
,,
0.973009447,0.972982966,0.972769485
,,
0.972215607,0.972091984,0.972071106
,,
0.97586727,0.97574143,0.975762372
,,
0.974041438,0.973972543,0.973856071
,,
0.972859262,0.972752101,0.972709512
,,
0.972859262,0.972752101,0.972709512
