Accuracy,Precision,Recall
,,
0.9988,0.998802873,0.9988
,,
0.998266667,0.998272655,0.998266667
,,
0.998,0.998005985,0.998
,,
0.998133333,0.998136876,0.998133333
,,
0.998533333,0.998537623,0.998533333
,,
0.9992,0.999201278,0.9992
,,
0.998666667,0.998670213,0.998666667
,,
0.9988,0.998801738,0.9988
,,
0.998,0.998005985,0.998
,,
0.998266667,0.998272655,0.998266667
,,
0.998466667,0.998470788,0.998466667
,,
0.998466667,0.998470788,0.998466667
