Accuracy,Precision,Recall
,,
0.999833089,0.999832211,0.999833347
,,
0.999899853,0.99990002,0.9999
,,
0.999666177,0.999665362,0.999666377
,,
0.999866466,0.999866101,0.999866364
,,
0.999599399,0.999599017,0.999599395
,,
0.999933233,0.999933037,0.999933333
,,
0.999766316,0.999765624,0.999766667
,,
0.9997997,0.999799139,0.999799697
,,
1,1,1
,,
0.999699549,0.999698353,0.999699697
,,
0.999806378,0.999805886,0.999806488
,,
0.999806378,0.999805886,0.999806488
